{
    "model": "XGBoost",
    "trained_at": "2026-05-23T12:32:13.179860",
    "accuracy": 0.9129310344827586,
    "precision": 0.8164794007490637,
    "recall": 0.8074074074074075,
    "f1_score": 0.8119180633147114,
    "test_samples": 1160
}